<workflow-app xmlns="uri:oozie:workflow:0.4" name="app_push_up">
    <start to="spark_shell" />

    <action name="spark_shell" retry-max="0" retry-interval="0">
        <shell xmlns="uri:oozie:shell-action:0.1">
            <job-tracker>${job_tracker}</job-tracker>
            <name-node>${name_node}</name-node>
            <prepare>
                <delete path="${OUTPUT_TEMPLATE}" />
            </prepare>
            <configuration>
                <property>
                    <name>mapreduce.job.queuename</name>
                    <value>${queue_name}</value>
                </property>
                <property>
                    <name>mapreduce.job.acl-view-job</name>
                    <value>*</value>
                </property>
                <property>
                    <name>oozie.launcher.mapreduce.map.memory.mb</name>
                    <value>6144</value>
                </property>
                <property>
                    <name>oozie.launcher.mapreduce.job.acl-view-job</name>
                    <value>*</value>
                </property>
                <property>
                    <name>mapreduce.job.acl-modify-job</name>
                    <value>*</value>
                </property>
            </configuration>
            <exec>run.sh</exec>
            <argument>${DATE_TIME}</argument>
            <argument>${HOUR_TIME}</argument>
            <argument>${INPUT_GCM_LOG}</argument>
            <argument>${INPUT_GCM_RESPONSE}</argument>
            <argument>${INPUT_IMPRESSION}</argument>
            <argument>${INPUT_PREVIOUS_IMPRESSION}</argument>
            <argument>${INPUT_PUSH_MSG}</argument>
            <argument>${INPUT_PREV_OUT}</argument>
            <argument>${OUTPUT}</argument>
            <env-var>HADOOP_USER_NAME=${USER}</env-var>
            <env-var>YARN_CONF_DIR=/usr/lib/spark/conf</env-var>
            <env-var>HADOOP_CONF_DIR=/etc/hadoop/conf</env-var>
            <file>run.sh</file>
            <archive>/user/news_push/archive/spark-1.6.1-bin-hadoop2.6</archive>
            <archive>/user/news_push/pipelines/push-up/push_up-1.0-SNAPSHOT-jar-with-dependencies.jar</archive>
            <archive>/user/news_push/archive/spark-1.6.1-bin-hadoop2.6/bin/spark-submit</archive>
        </shell>
        <ok to="end" />
        <error to="fail" />
    </action>

    <kill name="fail">
        <message>fail : ERROR MSG - [${wf:errorMessage(wf:lastErrorNode())}]</message>
    </kill>

    <end name='end' />
</workflow-app>
