<coordinator-app name="push_up"
                 frequency="${coord:hours (1)}"
                 start="${start_time}"
                 end="${end_time}"
                 timezone="${timezone}" xmlns="uri:oozie:coordinator:0.3">
    <controls>
        <timeout>21600</timeout>
        <concurrency>${concurrency}</concurrency>
    </controls>
    <datasets>
        <dataset name="INPUT_GCM_LOG" frequency="${coord:days(1)}" initial-instance="${ds_start}" timezone="${timezone}">
            <uri-template>${GCM_LOG_TEMPLATE}</uri-template>
        </dataset>
        <dataset name="INPUT_GCM_RESPONSE" frequency="${coord:hours(1)}" initial-instance="${ds_start}" timezone="${timezone}">
            <uri-template>${GCM_RESPONSE_TEMPLATE}</uri-template>
        </dataset>
        <dataset name="INPUT_IMPRESSION" frequency="${coord:hours(1)}" initial-instance="${ds_start}" timezone="${timezone}">
            <uri-template>${IMPRESSION_TEMPLATE}</uri-template>
        </dataset>
        <dataset name="INPUT_PREVIOUS_IMPRESSION" frequency="${coord:hours(1)}" initial-instance="${ds_start}" timezone="${timezone}">
            <uri-template>${PREVIOUS_IMPRESSION_TEMPLATE}</uri-template>
        </dataset>
        <dataset name="INPUT_PUSH_MSG" frequency="${coord:hours(1)}" initial-instance="${ds_start}" timezone="${timezone}">
            <uri-template>${PUSH_MSG_TEMPLATE}</uri-template>
        </dataset>
        <dataset name="INPUT_PREV_OUT" frequency="${coord:hours(1)}" initial-instance="${ds_start}" timezone="${timezone}">
            <uri-template>${INPUT_PREV_OUT_TEMPLATE}</uri-template>
        </dataset>
        <dataset name="OUTPUT" frequency="${coord:hours(1)}" initial-instance="${ds_start}" timezone="${timezone}">
            <uri-template>${OUTPUT_TEMPLATE}</uri-template>
        </dataset>
    </datasets>
    <input-events>
        <data-in name="INPUT_GCM_LOG" dataset="INPUT_GCM_LOG">
            <instance>${coord:current(0)}</instance>
        </data-in>
        <data-in name="INPUT_GCM_RESPONSE" dataset="INPUT_GCM_RESPONSE">
            <instance>${coord:current(0)}</instance>
        </data-in>
        <data-in name="INPUT_IMPRESSION" dataset="INPUT_IMPRESSION">
            <instance>${coord:current(0)}</instance>
        </data-in>
        <data-in name="INPUT_PREVIOUS_IMPRESSION" dataset="INPUT_PREVIOUS_IMPRESSION">
            <instance>${coord:current(0)}</instance>
        </data-in>
        <data-in name="INPUT_PUSH_MSG" dataset="INPUT_PUSH_MSG">
            <instance>${coord:current(0)}</instance>
        </data-in>
        <data-in name="INPUT_PREV_OUT" dataset="INPUT_PREV_OUT">
            <instance>${coord:current(0)}</instance>
        </data-in>
    </input-events>
    <output-events>
        <data-out name="OUTPUT" dataset="OUTPUT">
            <instance>${coord:current(0)}</instance>
        </data-out>
    </output-events>
    <action>
        <workflow>
            <app-path>${app_dir}</app-path>
            <configuration>
                <property>
                    <name>INPUT_GCM_LOG</name>
                    <value>${coord:dataIn('INPUT_GCM_LOG')}</value>
                </property>
                <property>
                    <name>INPUT_GCM_RESPONSE</name>
                    <value>${coord:dataIn('INPUT_GCM_RESPONSE')}</value>
                </property>
                <property>
                    <name>INPUT_IMPRESSION</name>
                    <value>${coord:dataIn('INPUT_IMPRESSION')}</value>
                </property>
                <property>
                    <name>INPUT_PREVIOUS_IMPRESSION</name>
                    <value>${coord:dataIn('INPUT_PREVIOUS_IMPRESSION')}</value>
                </property>
                <property>
                    <name>INPUT_PUSH_MSG</name>
                    <value>${coord:dataIn('INPUT_PUSH_MSG')}</value>
                </property>
                <property>
                    <name>INPUT_PREV_OUT</name>
                    <value>${coord:dataIn('INPUT_PREV_OUT')}</value>
                </property>
                <property>
                    <name>OUTPUT</name>
                    <value>${coord:dataOut('OUTPUT')}</value>
                </property>
                <property>
                    <name>DATE_TIME</name>
                    <value>${coord:formatTime(coord:dateOffset(coord:nominalTime(), 0, 'HOUR'), "yyyyMMdd")}</value>
                </property>
                <property>
                    <name>HOUR_TIME</name>
                    <value>${coord:formatTime(coord:dateOffset(coord:nominalTime(), 0, 'HOUR'), "HH")}</value>
                </property>
                <property>
                    <name>name_node</name>
                    <value>${name_node}</value>
                </property>
                <property>
                    <name>job_tracker</name>
                    <value>${job_tracker}</value>
                </property>
                <property>
                    <name>queue_name</name>
                    <value>${queue_name}</value>
                </property>
            </configuration>
        </workflow>
    </action>
</coordinator-app>